PNO113_STO_Intensity,PNO113_STO_2Theta,PNO112_STO_Intensity,PNO112_STO_2Theta,PNO113_LSAT_Intensity,PNO113_LSAT_2Theta,PNO112_LSAT_Intensity,PNO112_LSAT_2Theta
1,20,1.66667,20,1,20,0.833333,20
1,20.02,1,20.02,1,20.02,2.5,20.02
8.33333,20.04,1.66667,20.04,1,20.04,2.5,20.04
1,20.06,1.66667,20.06,1,20.06,1.66667,20.06
4.16667,20.08,1,20.08,1,20.08,2.5,20.08
4.16667,20.1,1,20.1,1,20.1,2.5,20.1
1,20.12,1,20.12,8.33333,20.12,2.5,20.12
1,20.14,1.66667,20.14,4.16667,20.14,2.5,20.14
1,20.16,5,20.16,4.16667,20.16,1.66667,20.16
1,20.18,1.66667,20.18,1,20.18,2.5,20.18
4.16667,20.2,1,20.2,4.16667,20.2,3.33333,20.2
4.16667,20.22,1.66667,20.22,1,20.22,0.833333,20.22
1,20.24,1.66667,20.24,4.16667,20.24,3.33333,20.24
1,20.26,3.33333,20.26,4.16667,20.26,3.33333,20.26
1,20.28,1,20.28,4.16667,20.28,3.33333,20.28
1,20.3,1,20.3,4.16667,20.3,1.66667,20.3
1,20.32,1,20.32,1,20.32,1.66667,20.32
8.33333,20.34,1,20.34,8.33333,20.34,3.33333,20.34
4.16667,20.36,1.66667,20.36,1,20.36,1.66667,20.36
1,20.38,1,20.38,1,20.38,1.66667,20.38
1,20.4,1,20.4,8.33333,20.4,1.66667,20.4
4.16667,20.42,1,20.42,1,20.42,2.5,20.42
1,20.44,3.33333,20.44,1,20.44,4.16667,20.44
12.5,20.46,1,20.46,1,20.46,3.33333,20.46
4.16667,20.48,3.33333,20.48,4.16667,20.48,2.5,20.48
4.16667,20.5,1.66667,20.5,1,20.5,0.833333,20.5
8.33333,20.52,1,20.52,4.16667,20.52,3.33333,20.52
4.16667,20.54,1.66667,20.54,4.16667,20.54,0.833333,20.54
1,20.56,1,20.56,1,20.56,0.833333,20.56
1,20.58,1.66667,20.58,1,20.58,1.66667,20.58
4.16667,20.6,1.66667,20.6,1,20.6,1,20.6
12.5,20.62,1,20.62,4.16667,20.62,2.5,20.62
8.33333,20.64,1.66667,20.64,1,20.64,1,20.64
1,20.66,5,20.66,4.16667,20.66,1.66667,20.66
8.33333,20.68,1.66667,20.68,1,20.68,1,20.68
1,20.7,3.33333,20.7,1,20.7,1.66667,20.7
4.16667,20.72,5,20.72,4.16667,20.72,1,20.72
1,20.74,3.33333,20.74,4.16667,20.74,1.66667,20.74
1,20.76,3.33333,20.76,8.33333,20.76,2.5,20.76
1,20.78,1,20.78,1,20.78,1.66667,20.78
1,20.8,1.66667,20.8,1,20.8,2.5,20.8
1,20.82,3.33333,20.82,8.33333,20.82,0.833333,20.82
8.33333,20.84,1.66667,20.84,4.16667,20.84,0.833333,20.84
1,20.86,3.33333,20.86,1,20.86,2.5,20.86
8.33333,20.88,6.66667,20.88,12.5,20.88,1.66667,20.88
4.16667,20.9,1.66667,20.9,1,20.9,2.5,20.9
4.16667,20.92,6.66667,20.92,4.16667,20.92,5.83333,20.92
4.16667,20.94,3.33333,20.94,1,20.94,4.16667,20.94
1,20.96,3.33333,20.96,1,20.96,2.5,20.96
1,20.98,5,20.98,1,20.98,2.5,20.98
4.16667,21,5,21,4.16667,21,1.66667,21
4.16667,21.02,6.66667,21.02,1,21.02,2.5,21.02
1,21.04,1.66667,21.04,1,21.04,2.5,21.04
1,21.06,5,21.06,4.16667,21.06,1.66667,21.06
8.33333,21.08,1.66667,21.08,1,21.08,1.66667,21.08
4.16667,21.1,5,21.1,1,21.1,0.833333,21.1
8.33333,21.12,1.66667,21.12,8.33333,21.12,2.5,21.12
4.16667,21.14,8.33333,21.14,4.16667,21.14,1,21.14
4.16667,21.16,1.66667,21.16,1,21.16,4.16667,21.16
1,21.18,1,21.18,1,21.18,0.833333,21.18
1,21.2,3.33333,21.2,1,21.2,1.66667,21.2
1,21.22,1.66667,21.22,4.16667,21.22,5,21.22
4.16667,21.24,1,21.24,8.33333,21.24,1.66667,21.24
1,21.26,1.66667,21.26,1,21.26,3.33333,21.26
1,21.28,1.66667,21.28,1,21.28,0.833333,21.28
1,21.3,1,21.3,4.16667,21.3,0.833333,21.3
1,21.32,10,21.32,8.33333,21.32,0.833333,21.32
1,21.34,1.66667,21.34,4.16667,21.34,1,21.34
1,21.36,1.66667,21.36,4.16667,21.36,5,21.36
8.33333,21.38,3.33333,21.38,1,21.38,1,21.38
4.16667,21.4,3.33333,21.4,4.16667,21.4,1,21.4
1,21.42,1.66667,21.42,1,21.42,4.16667,21.42
8.33333,21.44,8.33333,21.44,16.6667,21.44,5,21.44
1,21.46,1,21.46,1,21.46,3.33333,21.46
1,21.48,1,21.48,1,21.48,4.16667,21.48
4.16667,21.5,6.66667,21.5,4.16667,21.5,3.33333,21.5
4.16667,21.52,5,21.52,1,21.52,0.833333,21.52
1,21.54,1.66667,21.54,20.8333,21.54,0.833333,21.54
4.16667,21.56,1.66667,21.56,8.33333,21.56,5.83333,21.56
4.16667,21.58,3.33333,21.58,4.16667,21.58,3.33333,21.58
4.16667,21.6,1.66667,21.6,1,21.6,2.5,21.6
8.33333,21.62,5,21.62,1,21.62,3.33333,21.62
1,21.64,1,21.64,4.16667,21.64,5,21.64
4.16667,21.66,8.33333,21.66,12.5,21.66,3.33333,21.66
4.16667,21.68,1.66667,21.68,8.33333,21.68,3.33333,21.68
1,21.7,1.66667,21.7,1,21.7,1.66667,21.7
4.16667,21.72,1,21.72,4.16667,21.72,1.66667,21.72
4.16667,21.74,1.66667,21.74,12.5,21.74,3.33333,21.74
1,21.76,3.33333,21.76,8.33333,21.76,4.16667,21.76
8.33333,21.78,1.66667,21.78,8.33333,21.78,1.66667,21.78
12.5,21.8,1,21.8,8.33333,21.8,1.66667,21.8
4.16667,21.82,5,21.82,4.16667,21.82,0.833333,21.82
8.33333,21.84,1,21.84,4.16667,21.84,0.833333,21.84
4.16667,21.86,5,21.86,8.33333,21.86,3.33333,21.86
4.16667,21.88,1.66667,21.88,8.33333,21.88,2.5,21.88
8.33333,21.9,1.66667,21.9,1,21.9,2.5,21.9
16.6667,21.92,1.66667,21.92,8.33333,21.92,2.5,21.92
4.16667,21.94,1.66667,21.94,1,21.94,4.16667,21.94
16.6667,21.96,3.33333,21.96,1,21.96,2.5,21.96
12.5,21.98,1.66667,21.98,4.16667,21.98,3.33333,21.98
4.16667,22,1,22,1,22,4.16667,22
12.5,22.02,3.33333,22.02,4.16667,22.02,0.833333,22.02
8.33333,22.04,3.33333,22.04,4.16667,22.04,2.5,22.04
4.16667,22.06,1,22.06,1,22.06,5,22.06
12.5,22.08,1,22.08,1,22.08,1,22.08
20.8333,22.1,1,22.1,1,22.1,2.5,22.1
16.6667,22.12,1.66667,22.12,1,22.12,3.33333,22.12
16.6667,22.14,1,22.14,1,22.14,9.16667,22.14
33.3333,22.16,1.66667,22.16,8.33333,22.16,3.33333,22.16
16.6667,22.18,1,22.18,4.16667,22.18,2.5,22.18
4.16667,22.2,5,22.2,1,22.2,4.16667,22.2
12.5,22.22,1.66667,22.22,8.33333,22.22,5.83333,22.22
16.6667,22.24,6.66667,22.24,4.16667,22.24,5,22.24
20.8333,22.26,5,22.26,8.33333,22.26,3.33333,22.26
8.33333,22.28,1,22.28,4.16667,22.28,4.16667,22.28
8.33333,22.3,3.33333,22.3,1,22.3,4.16667,22.3
8.33333,22.32,8.33333,22.32,1,22.32,4.16667,22.32
16.6667,22.34,8.33333,22.34,1,22.34,3.33333,22.34
16.6667,22.36,3.33333,22.36,1,22.36,2.5,22.36
12.5,22.38,6.66667,22.38,4.16667,22.38,3.33333,22.38
12.5,22.4,6.66667,22.4,8.33333,22.4,4.16667,22.4
20.8333,22.42,11.6667,22.42,12.5,22.42,2.5,22.42
8.33333,22.44,11.6667,22.44,4.16667,22.44,2.5,22.44
8.33333,22.46,10,22.46,4.16667,22.46,2.5,22.46
16.6667,22.48,3.33333,22.48,16.6667,22.48,0.833333,22.48
25,22.5,10,22.5,20.8333,22.5,2.5,22.5
16.6667,22.52,20,22.52,8.33333,22.52,3.33333,22.52
20.8333,22.54,26.6667,22.54,12.5,22.54,3.33333,22.54
37.5,22.56,43.3333,22.56,12.5,22.56,2.5,22.56
29.1667,22.58,63.3333,22.58,25,22.58,4.16667,22.58
50,22.6,145,22.6,8.33333,22.6,1.66667,22.6
116.667,22.62,341.667,22.62,8.33333,22.62,5,22.62
487.5,22.64,831.667,22.64,12.5,22.64,4.16667,22.64
933.333,22.66,1906.67,22.66,16.6667,22.66,5,22.66
2183.33,22.68,4078.33,22.68,25,22.68,1.66667,22.68
5266.67,22.7,9813.33,22.7,12.5,22.7,2.5,22.7
12004.2,22.72,28831.7,22.72,29.1667,22.72,5,22.72
39720.8,22.74,80356.7,22.74,25,22.74,5.83333,22.74
96725,22.76,122897,22.76,29.1667,22.76,10,22.76
128567,22.78,116310,22.78,20.8333,22.78,6.66667,22.78
92062.5,22.8,61878.3,22.8,29.1667,22.8,5,22.8
29191.7,22.82,13666.7,22.82,33.3333,22.82,6.66667,22.82
6079.17,22.84,3425,22.84,33.3333,22.84,12.5,22.84
2362.5,22.86,1260,22.86,8.33333,22.86,16.6667,22.86
1004.17,22.88,643.333,22.88,50,22.88,35.8333,22.88
566.667,22.9,295,22.9,533.333,22.9,116.667,22.9
308.333,22.92,106.667,22.92,4775,22.92,1309.17,22.92
225,22.94,61.6667,22.94,9766.67,22.94,10707.5,22.94
220.833,22.96,36.6667,22.96,4937.5,22.96,14473.3,22.96
195.833,22.98,46.6667,22.98,625,22.98,1805.83,22.98
191.667,23,30,23,191.667,23,128.333,23
129.167,23.02,28.3333,23.02,250,23.02,60,23.02
191.667,23.04,11.6667,23.04,158.333,23.04,41.6667,23.04
170.833,23.06,23.3333,23.06,191.667,23.06,31.6667,23.06
191.667,23.08,6.66667,23.08,170.833,23.08,20,23.08
212.5,23.1,10,23.1,129.167,23.1,21.6667,23.1
233.333,23.12,16.6667,23.12,145.833,23.12,18.3333,23.12
150,23.14,11.6667,23.14,108.333,23.14,14.1667,23.14
183.333,23.16,16.6667,23.16,141.667,23.16,7.5,23.16
212.5,23.18,6.66667,23.18,162.5,23.18,12.5,23.18
204.167,23.2,10,23.2,166.667,23.2,13.3333,23.2
200,23.22,15,23.22,150,23.22,13.3333,23.22
258.333,23.24,10,23.24,150,23.24,8.33333,23.24
162.5,23.26,8.33333,23.26,170.833,23.26,7.5,23.26
208.333,23.28,11.6667,23.28,125,23.28,7.5,23.28
175,23.3,6.66667,23.3,104.167,23.3,9.16667,23.3
166.667,23.32,8.33333,23.32,154.167,23.32,5,23.32
183.333,23.34,5,23.34,125,23.34,10.8333,23.34
283.333,23.36,10,23.36,175,23.36,5.83333,23.36
212.5,23.38,6.66667,23.38,125,23.38,5,23.38
275,23.4,10,23.4,95.8333,23.4,4.16667,23.4
241.667,23.42,11.6667,23.42,154.167,23.42,2.5,23.42
258.333,23.44,6.66667,23.44,141.667,23.44,6.66667,23.44
233.333,23.46,8.33333,23.46,129.167,23.46,5,23.46
266.667,23.48,1,23.48,150,23.48,5,23.48
275,23.5,1,23.5,125,23.5,1.66667,23.5
266.667,23.52,5,23.52,91.6667,23.52,11.6667,23.52
341.667,23.54,6.66667,23.54,129.167,23.54,7.5,23.54
291.667,23.56,5,23.56,154.167,23.56,6.66667,23.56
291.667,23.58,3.33333,23.58,191.667,23.58,4.16667,23.58
337.5,23.6,8.33333,23.6,191.667,23.6,3.33333,23.6
316.667,23.62,3.33333,23.62,150,23.62,10,23.62
216.667,23.64,6.66667,23.64,187.5,23.64,5,23.64
283.333,23.66,5,23.66,125,23.66,6.66667,23.66
266.667,23.68,6.66667,23.68,154.167,23.68,10.8333,23.68
258.333,23.7,8.33333,23.7,154.167,23.7,4.16667,23.7
295.833,23.72,5,23.72,166.667,23.72,8.33333,23.72
233.333,23.74,5,23.74,129.167,23.74,6.66667,23.74
254.167,23.76,5,23.76,166.667,23.76,9.16667,23.76
258.333,23.78,3.33333,23.78,150,23.78,6.66667,23.78
229.167,23.8,6.66667,23.8,170.833,23.8,5,23.8
333.333,23.82,3.33333,23.82,137.5,23.82,5.83333,23.82
258.333,23.84,3.33333,23.84,112.5,23.84,5,23.84
295.833,23.86,15,23.86,129.167,23.86,7.5,23.86
283.333,23.88,13.3333,23.88,125,23.88,6.66667,23.88
254.167,23.9,6.66667,23.9,116.667,23.9,5,23.9
237.5,23.92,5,23.92,120.833,23.92,6.66667,23.92
262.5,23.94,11.6667,23.94,150,23.94,10,23.94
295.833,23.96,5,23.96,125,23.96,9.16667,23.96
233.333,23.98,6.66667,23.98,104.167,23.98,7.5,23.98
250,24,8.33333,24,125,24,10.8333,24
279.167,24.02,8.33333,24.02,91.6667,24.02,5,24.02
245.833,24.04,6.66667,24.04,83.3333,24.04,6.66667,24.04
250,24.06,13.3333,24.06,100,24.06,9.16667,24.06
216.667,24.08,20,24.08,95.8333,24.08,10.8333,24.08
204.167,24.1,5,24.1,87.5,24.1,11.6667,24.1
208.333,24.12,13.3333,24.12,70.8333,24.12,10,24.12
212.5,24.14,15,24.14,95.8333,24.14,7.5,24.14
166.667,24.16,16.6667,24.16,87.5,24.16,15,24.16
170.833,24.18,10,24.18,79.1667,24.18,8.33333,24.18
237.5,24.2,15,24.2,112.5,24.2,13.3333,24.2
150,24.22,10,24.22,83.3333,24.22,6.66667,24.22
179.167,24.24,11.6667,24.24,45.8333,24.24,8.33333,24.24
137.5,24.26,16.6667,24.26,20.8333,24.26,7.5,24.26
158.333,24.28,10,24.28,50,24.28,10,24.28
179.167,24.3,10,24.3,45.8333,24.3,10.8333,24.3
162.5,24.32,18.3333,24.32,41.6667,24.32,12.5,24.32
158.333,24.34,10,24.34,45.8333,24.34,10,24.34
158.333,24.36,8.33333,24.36,41.6667,24.36,8.33333,24.36
129.167,24.38,15,24.38,33.3333,24.38,6.66667,24.38
112.5,24.4,5,24.4,37.5,24.4,6.66667,24.4
108.333,24.42,6.66667,24.42,25,24.42,9.16667,24.42
83.3333,24.44,18.3333,24.44,29.1667,24.44,7.5,24.44
87.5,24.46,16.6667,24.46,33.3333,24.46,7.5,24.46
112.5,24.48,15,24.48,16.6667,24.48,4.16667,24.48
66.6667,24.5,15,24.5,4.16667,24.5,12.5,24.5
87.5,24.52,16.6667,24.52,25,24.52,6.66667,24.52
75,24.54,15,24.54,4.16667,24.54,7.5,24.54
83.3333,24.56,11.6667,24.56,8.33333,24.56,6.66667,24.56
75,24.58,11.6667,24.58,12.5,24.58,10.8333,24.58
50,24.6,11.6667,24.6,8.33333,24.6,7.5,24.6
66.6667,24.62,10,24.62,16.6667,24.62,7.5,24.62
66.6667,24.64,15,24.64,8.33333,24.64,10,24.64
58.3333,24.66,8.33333,24.66,16.6667,24.66,3.33333,24.66
50,24.68,13.3333,24.68,12.5,24.68,4.16667,24.68
16.6667,24.7,15,24.7,4.16667,24.7,7.5,24.7
62.5,24.72,13.3333,24.72,8.33333,24.72,3.33333,24.72
37.5,24.74,6.66667,24.74,8.33333,24.74,4.16667,24.74
20.8333,24.76,3.33333,24.76,12.5,24.76,3.33333,24.76
33.3333,24.78,11.6667,24.78,1,24.78,8.33333,24.78
16.6667,24.8,10,24.8,1,24.8,3.33333,24.8
33.3333,24.82,13.3333,24.82,1,24.82,6.66667,24.82
25,24.84,10,24.84,4.16667,24.84,5,24.84
4.16667,24.86,5,24.86,1,24.86,5.83333,24.86
12.5,24.88,10,24.88,4.16667,24.88,3.33333,24.88
8.33333,24.9,10,24.9,12.5,24.9,2.5,24.9
8.33333,24.92,5,24.92,4.16667,24.92,5.83333,24.92
4.16667,24.94,5,24.94,4.16667,24.94,7.5,24.94
4.16667,24.96,6.66667,24.96,1,24.96,5,24.96
4.16667,24.98,3.33333,24.98,1,24.98,1.66667,24.98
1,25,1.66667,25,8.33333,25,5,25
4.16667,25.02,1.66667,25.02,4.16667,25.02,5,25.02
1,25.04,5,25.04,1,25.04,5,25.04
4.16667,25.06,11.6667,25.06,4.16667,25.06,0.833333,25.06
1,25.08,1.66667,25.08,4.16667,25.08,5.83333,25.08
1,25.1,10,25.1,4.16667,25.1,6.66667,25.1
1,25.12,1.66667,25.12,8.33333,25.12,7.5,25.12
1,25.14,1,25.14,4.16667,25.14,7.5,25.14
1,25.16,5,25.16,1,25.16,8.33333,25.16
8.33333,25.18,5,25.18,25,25.18,9.16667,25.18
1,25.2,1.66667,25.2,8.33333,25.2,6.66667,25.2
1,25.22,1,25.22,8.33333,25.22,9.16667,25.22
8.33333,25.24,1.66667,25.24,4.16667,25.24,15,25.24
1,25.26,5,25.26,4.16667,25.26,7.5,25.26
1,25.28,3.33333,25.28,1,25.28,7.5,25.28
4.16667,25.3,1,25.3,12.5,25.3,9.16667,25.3
1,25.32,5,25.32,16.6667,25.32,5,25.32
4.16667,25.34,5,25.34,20.8333,25.34,15.8333,25.34
12.5,25.36,5,25.36,8.33333,25.36,11.6667,25.36
4.16667,25.38,3.33333,25.38,8.33333,25.38,9.16667,25.38
12.5,25.4,10,25.4,16.6667,25.4,8.33333,25.4
12.5,25.42,3.33333,25.42,25,25.42,12.5,25.42
4.16667,25.44,3.33333,25.44,4.16667,25.44,12.5,25.44
4.16667,25.46,6.66667,25.46,12.5,25.46,15,25.46
8.33333,25.48,6.66667,25.48,12.5,25.48,16.6667,25.48
8.33333,25.5,8.33333,25.5,8.33333,25.5,11.6667,25.5
8.33333,25.52,3.33333,25.52,12.5,25.52,10.8333,25.52
12.5,25.54,8.33333,25.54,8.33333,25.54,11.6667,25.54
8.33333,25.56,6.66667,25.56,4.16667,25.56,13.3333,25.56
4.16667,25.58,8.33333,25.58,16.6667,25.58,21.6667,25.58
8.33333,25.6,20,25.6,12.5,25.6,21.6667,25.6
12.5,25.62,10,25.62,8.33333,25.62,17.5,25.62
4.16667,25.64,16.6667,25.64,20.8333,25.64,24.1667,25.64
12.5,25.66,18.3333,25.66,16.6667,25.66,20.8333,25.66
4.16667,25.68,15,25.68,8.33333,25.68,27.5,25.68
8.33333,25.7,13.3333,25.7,8.33333,25.7,23.3333,25.7
8.33333,25.72,18.3333,25.72,4.16667,25.72,23.3333,25.72
12.5,25.74,13.3333,25.74,4.16667,25.74,18.3333,25.74
8.33333,25.76,11.6667,25.76,4.16667,25.76,21.6667,25.76
1,25.78,18.3333,25.78,1,25.78,20.8333,25.78
4.16667,25.8,31.6667,25.8,12.5,25.8,22.5,25.8
4.16667,25.82,15,25.82,4.16667,25.82,28.3333,25.82
8.33333,25.84,30,25.84,4.16667,25.84,25,25.84
8.33333,25.86,26.6667,25.86,4.16667,25.86,24.1667,25.86
8.33333,25.88,28.3333,25.88,4.16667,25.88,34.1667,25.88
8.33333,25.9,20,25.9,4.16667,25.9,32.5,25.9
12.5,25.92,45,25.92,8.33333,25.92,27.5,25.92
4.16667,25.94,41.6667,25.94,12.5,25.94,25,25.94
8.33333,25.96,45,25.96,1,25.96,29.1667,25.96
4.16667,25.98,35,25.98,1,25.98,35,25.98
4.16667,26,38.3333,26,1,26,31.6667,26
4.16667,26.02,38.3333,26.02,1,26.02,25.8333,26.02
4.16667,26.04,43.3333,26.04,1,26.04,27.5,26.04
1,26.06,50,26.06,1,26.06,39.1667,26.06
4.16667,26.08,43.3333,26.08,1,26.08,29.1667,26.08
1,26.1,45,26.1,4.16667,26.1,31.6667,26.1
4.16667,26.12,38.3333,26.12,4.16667,26.12,35.8333,26.12
4.16667,26.14,55,26.14,1,26.14,35.8333,26.14
1,26.16,58.3333,26.16,4.16667,26.16,25,26.16
4.16667,26.18,35,26.18,4.16667,26.18,31.6667,26.18
1,26.2,61.6667,26.2,1,26.2,31.6667,26.2
1,26.22,48.3333,26.22,4.16667,26.22,26.6667,26.22
4.16667,26.24,66.6667,26.24,1,26.24,37.5,26.24
1,26.26,61.6667,26.26,1,26.26,34.1667,26.26
1,26.28,61.6667,26.28,1,26.28,35,26.28
1,26.3,48.3333,26.3,1,26.3,32.5,26.3
4.16667,26.32,88.3333,26.32,4.16667,26.32,32.5,26.32
1,26.34,75,26.34,8.33333,26.34,32.5,26.34
1,26.36,56.6667,26.36,4.16667,26.36,27.5,26.36
1,26.38,71.6667,26.38,8.33333,26.38,35,26.38
1,26.4,70,26.4,1,26.4,30,26.4
1,26.42,78.3333,26.42,1,26.42,26.6667,26.42
1,26.44,73.3333,26.44,12.5,26.44,29.1667,26.44
4.16667,26.46,61.6667,26.46,1,26.46,29.1667,26.46
4.16667,26.48,56.6667,26.48,1,26.48,29.1667,26.48
1,26.5,60,26.5,4.16667,26.5,23.3333,26.5
1,26.52,75,26.52,8.33333,26.52,25,26.52
4.16667,26.54,73.3333,26.54,4.16667,26.54,27.5,26.54
1,26.56,73.3333,26.56,1,26.56,26.6667,26.56
1,26.58,56.6667,26.58,1,26.58,23.3333,26.58
1,26.6,81.6667,26.6,4.16667,26.6,19.1667,26.6
1,26.62,78.3333,26.62,8.33333,26.62,18.3333,26.62
4.16667,26.64,80,26.64,4.16667,26.64,20,26.64
4.16667,26.66,66.6667,26.66,8.33333,26.66,30,26.66
4.16667,26.68,50,26.68,1,26.68,17.5,26.68
4.16667,26.7,66.6667,26.7,1,26.7,20.8333,26.7
1,26.72,73.3333,26.72,8.33333,26.72,24.1667,26.72
4.16667,26.74,51.6667,26.74,1,26.74,19.1667,26.74
8.33333,26.76,70,26.76,4.16667,26.76,16.6667,26.76
1,26.78,68.3333,26.78,1,26.78,16.6667,26.78
4.16667,26.8,53.3333,26.8,8.33333,26.8,15.8333,26.8
4.16667,26.82,65,26.82,1,26.82,19.1667,26.82
4.16667,26.84,71.6667,26.84,1,26.84,18.3333,26.84
8.33333,26.86,73.3333,26.86,4.16667,26.86,25,26.86
4.16667,26.88,70,26.88,4.16667,26.88,10.8333,26.88
1,26.9,73.3333,26.9,8.33333,26.9,10.8333,26.9
8.33333,26.92,56.6667,26.92,1,26.92,20.8333,26.92
4.16667,26.94,68.3333,26.94,4.16667,26.94,10,26.94
1,26.96,58.3333,26.96,1,26.96,19.1667,26.96
1,26.98,55,26.98,20.8333,26.98,15,26.98
1,27,43.3333,27,1,27,20,27
1,27.02,45,27.02,4.16667,27.02,11.6667,27.02
1,27.04,50,27.04,4.16667,27.04,10,27.04
12.5,27.06,51.6667,27.06,1,27.06,14.1667,27.06
1,27.08,51.6667,27.08,1,27.08,5.83333,27.08
1,27.1,45,27.1,4.16667,27.1,11.6667,27.1
1,27.12,45,27.12,4.16667,27.12,16.6667,27.12
1,27.14,48.3333,27.14,1,27.14,5.83333,27.14
1,27.16,41.6667,27.16,1,27.16,7.5,27.16
4.16667,27.18,36.6667,27.18,4.16667,27.18,10,27.18
4.16667,27.2,33.3333,27.2,1,27.2,5,27.2
4.16667,27.22,38.3333,27.22,1,27.22,5.83333,27.22
1,27.24,25,27.24,1,27.24,5.83333,27.24
8.33333,27.26,36.6667,27.26,1,27.26,6.66667,27.26
1,27.28,23.3333,27.28,1,27.28,10,27.28
1,27.3,50,27.3,1,27.3,8.33333,27.3
1,27.32,40,27.32,1,27.32,10.8333,27.32
4.16667,27.34,28.3333,27.34,4.16667,27.34,3.33333,27.34
1,27.36,35,27.36,1,27.36,6.66667,27.36
4.16667,27.38,16.6667,27.38,4.16667,27.38,2.5,27.38
1,27.4,18.3333,27.4,4.16667,27.4,5.83333,27.4
1,27.42,16.6667,27.42,1,27.42,4.16667,27.42
4.16667,27.44,21.6667,27.44,4.16667,27.44,5,27.44
8.33333,27.46,13.3333,27.46,4.16667,27.46,5,27.46
4.16667,27.48,25,27.48,1,27.48,9.16667,27.48
1,27.5,23.3333,27.5,1,27.5,1.66667,27.5
1,27.52,21.6667,27.52,4.16667,27.52,7.5,27.52
1,27.54,18.3333,27.54,8.33333,27.54,2.5,27.54
1,27.56,16.6667,27.56,1,27.56,3.33333,27.56
1,27.58,13.3333,27.58,1,27.58,5,27.58
1,27.6,23.3333,27.6,4.16667,27.6,5,27.6
1,27.62,5,27.62,1,27.62,1.66667,27.62
1,27.64,11.6667,27.64,4.16667,27.64,6.66667,27.64
1,27.66,15,27.66,8.33333,27.66,5,27.66
4.16667,27.68,18.3333,27.68,4.16667,27.68,2.5,27.68
1,27.7,5,27.7,8.33333,27.7,4.16667,27.7
1,27.72,16.6667,27.72,4.16667,27.72,5,27.72
1,27.74,10,27.74,8.33333,27.74,5,27.74
1,27.76,13.3333,27.76,4.16667,27.76,5,27.76
1,27.78,6.66667,27.78,4.16667,27.78,5,27.78
1,27.8,5,27.8,8.33333,27.8,2.5,27.8
1,27.82,1.66667,27.82,1,27.82,4.16667,27.82
1,27.84,13.3333,27.84,4.16667,27.84,4.16667,27.84
1,27.86,6.66667,27.86,8.33333,27.86,3.33333,27.86
1,27.88,5,27.88,1,27.88,4.16667,27.88
1,27.9,6.66667,27.9,1,27.9,3.33333,27.9
1,27.92,5,27.92,8.33333,27.92,2.5,27.92
1,27.94,6.66667,27.94,1,27.94,5,27.94
4.16667,27.96,5,27.96,4.16667,27.96,2.5,27.96
1,27.98,5,27.98,1,27.98,5,27.98
8.33333,28,8.33333,28,4.16667,28,5.83333,28
4.16667,28.02,8.33333,28.02,1,28.02,4.16667,28.02
1,28.04,3.33333,28.04,1,28.04,0.833333,28.04
1,28.06,5,28.06,1,28.06,3.33333,28.06
4.16667,28.08,1,28.08,4.16667,28.08,2.5,28.08
1,28.1,3.33333,28.1,4.16667,28.1,0.833333,28.1
1,28.12,3.33333,28.12,8.33333,28.12,3.33333,28.12
4.16667,28.14,1,28.14,4.16667,28.14,3.33333,28.14
1,28.16,5,28.16,1,28.16,5.83333,28.16
1,28.18,1,28.18,8.33333,28.18,5,28.18
1,28.2,1.66667,28.2,4.16667,28.2,2.5,28.2
1,28.22,3.33333,28.22,1,28.22,2.5,28.22
1,28.24,3.33333,28.24,8.33333,28.24,5.83333,28.24
1,28.26,6.66667,28.26,4.16667,28.26,4.16667,28.26
1,28.28,8.33333,28.28,4.16667,28.28,2.5,28.28
4.16667,28.3,1.66667,28.3,8.33333,28.3,2.5,28.3
4.16667,28.32,1.66667,28.32,1,28.32,3.33333,28.32
1,28.34,1,28.34,1,28.34,5,28.34
4.16667,28.36,1,28.36,1,28.36,3.33333,28.36
1,28.38,1.66667,28.38,1,28.38,4.16667,28.38
8.33333,28.4,1.66667,28.4,4.16667,28.4,8.33333,28.4
4.16667,28.42,1,28.42,4.16667,28.42,2.5,28.42
4.16667,28.44,3.33333,28.44,4.16667,28.44,2.5,28.44
4.16667,28.46,1.66667,28.46,1,28.46,5.83333,28.46
1,28.48,1.66667,28.48,4.16667,28.48,1.66667,28.48
8.33333,28.5,1,28.5,1,28.5,1.66667,28.5
1,28.52,1,28.52,4.16667,28.52,4.16667,28.52
1,28.54,3.33333,28.54,4.16667,28.54,5,28.54
4.16667,28.56,1,28.56,1,28.56,7.5,28.56
1,28.58,1,28.58,4.16667,28.58,2.5,28.58
1,28.6,3.33333,28.6,1,28.6,3.33333,28.6
1,28.62,3.33333,28.62,4.16667,28.62,1.66667,28.62
1,28.64,3.33333,28.64,1,28.64,5.83333,28.64
1,28.66,1,28.66,1,28.66,2.5,28.66
1,28.68,1.66667,28.68,1,28.68,0.833333,28.68
1,28.7,3.33333,28.7,1,28.7,3.33333,28.7
1,28.72,1,28.72,1,28.72,5.83333,28.72
1,28.74,1.66667,28.74,1,28.74,0.833333,28.74
1,28.76,1.66667,28.76,1,28.76,1.66667,28.76
1,28.78,1,28.78,1,28.78,0.833333,28.78
1,28.8,5,28.8,4.16667,28.8,2.5,28.8
4.16667,28.82,3.33333,28.82,4.16667,28.82,4.16667,28.82
1,28.84,1,28.84,1,28.84,3.33333,28.84
1,28.86,1,28.86,1,28.86,2.5,28.86
4.16667,28.88,1,28.88,1,28.88,2.5,28.88
4.16667,28.9,1,28.9,4.16667,28.9,3.33333,28.9
1,28.92,1.66667,28.92,8.33333,28.92,3.33333,28.92
1,28.94,1.66667,28.94,4.16667,28.94,3.33333,28.94
1,28.96,1.66667,28.96,1,28.96,2.5,28.96
1,28.98,1,28.98,8.33333,28.98,1.66667,28.98
1,29,3.33333,29,1,29,0.833333,29
1,29.02,1.66667,29.02,4.16667,29.02,3.33333,29.02
1,29.04,1.66667,29.04,4.16667,29.04,2.5,29.04
1,29.06,1,29.06,4.16667,29.06,2.5,29.06
1,29.08,1.66667,29.08,1,29.08,1,29.08
1,29.1,3.33333,29.1,1,29.1,3.33333,29.1
1,29.12,3.33333,29.12,8.33333,29.12,6.66667,29.12
1,29.14,3.33333,29.14,4.16667,29.14,2.5,29.14
1,29.16,3.33333,29.16,1,29.16,1.66667,29.16
1,29.18,1,29.18,1,29.18,2.5,29.18
4.16667,29.2,3.33333,29.2,1,29.2,2.5,29.2
4.16667,29.22,5,29.22,4.16667,29.22,0.833333,29.22
1,29.24,1.66667,29.24,4.16667,29.24,3.33333,29.24
1,29.26,1.66667,29.26,4.16667,29.26,5,29.26
1,29.28,3.33333,29.28,1,29.28,0.833333,29.28
1,29.3,1.66667,29.3,1,29.3,5,29.3
1,29.32,3.33333,29.32,1,29.32,4.16667,29.32
1,29.34,1,29.34,4.16667,29.34,5.83333,29.34
1,29.36,1.66667,29.36,4.16667,29.36,3.33333,29.36
1,29.38,1.66667,29.38,1,29.38,3.33333,29.38
1,29.4,1.66667,29.4,4.16667,29.4,1.66667,29.4
1,29.42,1,29.42,8.33333,29.42,3.33333,29.42
4.16667,29.44,1,29.44,8.33333,29.44,4.16667,29.44
4.16667,29.46,1.66667,29.46,8.33333,29.46,1.66667,29.46
1,29.48,1.66667,29.48,1,29.48,2.5,29.48
4.16667,29.5,1.66667,29.5,12.5,29.5,3.33333,29.5
1,29.52,3.33333,29.52,4.16667,29.52,2.5,29.52
4.16667,29.54,1.66667,29.54,1,29.54,3.33333,29.54
4.16667,29.56,3.33333,29.56,4.16667,29.56,3.33333,29.56
1,29.58,1.66667,29.58,1,29.58,5,29.58
4.16667,29.6,1.66667,29.6,1,29.6,3.33333,29.6
4.16667,29.62,3.33333,29.62,1,29.62,1,29.62
4.16667,29.64,1,29.64,8.33333,29.64,2.5,29.64
4.16667,29.66,1,29.66,1,29.66,3.33333,29.66
1,29.68,3.33333,29.68,1,29.68,5.83333,29.68
1,29.7,5,29.7,4.16667,29.7,4.16667,29.7
1,29.72,1.66667,29.72,1,29.72,4.16667,29.72
1,29.74,3.33333,29.74,1,29.74,3.33333,29.74
4.16667,29.76,1,29.76,4.16667,29.76,3.33333,29.76
1,29.78,1,29.78,4.16667,29.78,3.33333,29.78
1,29.8,3.33333,29.8,1,29.8,1.66667,29.8
1,29.82,1.66667,29.82,1,29.82,5.83333,29.82
1,29.84,1.66667,29.84,1,29.84,5,29.84
1,29.86,1,29.86,1,29.86,2.5,29.86
1,29.88,1,29.88,1,29.88,3.33333,29.88
8.33333,29.9,1,29.9,4.16667,29.9,6.66667,29.9
1,29.92,1,29.92,4.16667,29.92,2.5,29.92
1,29.94,1,29.94,1,29.94,5,29.94
1,29.96,1.66667,29.96,1,29.96,1.66667,29.96
1,29.98,1.66667,29.98,1,29.98,4.16667,29.98
1,30,1,30,1,30,1,30
1,44,1,44,1,44,1,44
8.33333,44.02,5,44.02,4.16667,44.02,8.33333,44.02
1,44.04,3.33333,44.04,8.33333,44.04,7.5,44.04
8.33333,44.06,6.66667,44.06,1,44.06,1.66667,44.06
4.16667,44.08,5,44.08,1,44.08,5,44.08
1,44.1,6.66667,44.1,1,44.1,5,44.1
4.16667,44.12,1,44.12,4.16667,44.12,5,44.12
1,44.14,3.33333,44.14,8.33333,44.14,3.33333,44.14
1,44.16,1.66667,44.16,1,44.16,5.83333,44.16
4.16667,44.18,3.33333,44.18,1,44.18,3.33333,44.18
1,44.2,1,44.2,1,44.2,3.33333,44.2
1,44.22,6.66667,44.22,1,44.22,5,44.22
1,44.24,5,44.24,8.33333,44.24,2.5,44.24
1,44.26,5,44.26,4.16667,44.26,1.66667,44.26
1,44.28,1.66667,44.28,8.33333,44.28,1.66667,44.28
4.16667,44.3,3.33333,44.3,4.16667,44.3,1.66667,44.3
1,44.32,3.33333,44.32,16.6667,44.32,8.33333,44.32
4.16667,44.34,1,44.34,4.16667,44.34,7.5,44.34
8.33333,44.36,5,44.36,8.33333,44.36,3.33333,44.36
8.33333,44.38,3.33333,44.38,1,44.38,5,44.38
8.33333,44.4,1,44.4,4.16667,44.4,7.5,44.4
8.33333,44.42,3.33333,44.42,4.16667,44.42,6.66667,44.42
1,44.44,3.33333,44.44,1,44.44,4.16667,44.44
4.16667,44.46,5,44.46,1,44.46,7.5,44.46
4.16667,44.48,5,44.48,12.5,44.48,5.83333,44.48
1,44.5,8.33333,44.5,4.16667,44.5,7.5,44.5
1,44.52,1,44.52,4.16667,44.52,2.5,44.52
1,44.54,8.33333,44.54,4.16667,44.54,3.33333,44.54
1,44.56,5,44.56,1,44.56,2.5,44.56
1,44.58,3.33333,44.58,8.33333,44.58,10,44.58
1,44.6,1.66667,44.6,1,44.6,9.16667,44.6
1,44.62,5,44.62,12.5,44.62,9.16667,44.62
4.16667,44.64,6.66667,44.64,12.5,44.64,5.83333,44.64
1,44.66,6.66667,44.66,4.16667,44.66,5.83333,44.66
1,44.68,1,44.68,1,44.68,4.16667,44.68
1,44.7,1,44.7,4.16667,44.7,4.16667,44.7
1,44.72,3.33333,44.72,4.16667,44.72,5,44.72
1,44.74,1.66667,44.74,4.16667,44.74,3.33333,44.74
1,44.76,3.33333,44.76,1,44.76,5,44.76
1,44.78,6.66667,44.78,4.16667,44.78,4.16667,44.78
8.33333,44.8,8.33333,44.8,8.33333,44.8,10,44.8
8.33333,44.82,5,44.82,8.33333,44.82,9.16667,44.82
1,44.84,8.33333,44.84,1,44.84,6.66667,44.84
1,44.86,3.33333,44.86,4.16667,44.86,7.5,44.86
8.33333,44.88,6.66667,44.88,12.5,44.88,6.66667,44.88
1,44.9,5,44.9,1,44.9,10.8333,44.9
1,44.92,1.66667,44.92,8.33333,44.92,8.33333,44.92
1,44.94,3.33333,44.94,4.16667,44.94,13.3333,44.94
1,44.96,3.33333,44.96,4.16667,44.96,9.16667,44.96
4.16667,44.98,5,44.98,12.5,44.98,8.33333,44.98
4.16667,45,10,45,12.5,45,10.8333,45
4.16667,45.02,3.33333,45.02,8.33333,45.02,11.6667,45.02
1,45.04,21.6667,45.04,16.6667,45.04,8.33333,45.04
8.33333,45.06,8.33333,45.06,12.5,45.06,6.66667,45.06
1,45.08,13.3333,45.08,1,45.08,6.66667,45.08
8.33333,45.1,3.33333,45.1,8.33333,45.1,6.66667,45.1
1,45.12,5,45.12,1,45.12,13.3333,45.12
1,45.14,6.66667,45.14,4.16667,45.14,10.8333,45.14
4.16667,45.16,5,45.16,16.6667,45.16,8.33333,45.16
12.5,45.18,10,45.18,1,45.18,12.5,45.18
1,45.2,8.33333,45.2,1,45.2,14.1667,45.2
12.5,45.22,3.33333,45.22,16.6667,45.22,10.8333,45.22
4.16667,45.24,21.6667,45.24,8.33333,45.24,10,45.24
4.16667,45.26,16.6667,45.26,12.5,45.26,15.8333,45.26
8.33333,45.28,5,45.28,20.8333,45.28,15.8333,45.28
8.33333,45.3,16.6667,45.3,8.33333,45.3,6.66667,45.3
4.16667,45.32,13.3333,45.32,1,45.32,10.8333,45.32
1,45.34,6.66667,45.34,20.8333,45.34,12.5,45.34
16.6667,45.36,8.33333,45.36,8.33333,45.36,6.66667,45.36
8.33333,45.38,8.33333,45.38,4.16667,45.38,13.3333,45.38
25,45.4,13.3333,45.4,4.16667,45.4,12.5,45.4
12.5,45.42,11.6667,45.42,8.33333,45.42,14.1667,45.42
8.33333,45.44,18.3333,45.44,12.5,45.44,12.5,45.44
12.5,45.46,11.6667,45.46,16.6667,45.46,7.5,45.46
8.33333,45.48,8.33333,45.48,8.33333,45.48,12.5,45.48
12.5,45.5,16.6667,45.5,20.8333,45.5,10,45.5
4.16667,45.52,8.33333,45.52,8.33333,45.52,12.5,45.52
8.33333,45.54,11.6667,45.54,8.33333,45.54,10.8333,45.54
20.8333,45.56,10,45.56,12.5,45.56,12.5,45.56
8.33333,45.58,25,45.58,1,45.58,12.5,45.58
12.5,45.6,30,45.6,1,45.6,15,45.6
29.1667,45.62,25,45.62,12.5,45.62,16.6667,45.62
29.1667,45.64,15,45.64,8.33333,45.64,10,45.64
20.8333,45.66,25,45.66,12.5,45.66,17.5,45.66
25,45.68,25,45.68,4.16667,45.68,23.3333,45.68
37.5,45.7,21.6667,45.7,4.16667,45.7,18.3333,45.7
29.1667,45.72,31.6667,45.72,4.16667,45.72,15,45.72
29.1667,45.74,26.6667,45.74,4.16667,45.74,20,45.74
16.6667,45.76,35,45.76,16.6667,45.76,16.6667,45.76
37.5,45.78,35,45.78,25,45.78,18.3333,45.78
20.8333,45.8,41.6667,45.8,20.8333,45.8,24.1667,45.8
29.1667,45.82,25,45.82,8.33333,45.82,19.1667,45.82
29.1667,45.84,31.6667,45.84,20.8333,45.84,17.5,45.84
50,45.86,26.6667,45.86,4.16667,45.86,25,45.86
41.6667,45.88,51.6667,45.88,12.5,45.88,25,45.88
54.1667,45.9,51.6667,45.9,12.5,45.9,23.3333,45.9
29.1667,45.92,45,45.92,20.8333,45.92,23.3333,45.92
37.5,45.94,66.6667,45.94,8.33333,45.94,20,45.94
41.6667,45.96,68.3333,45.96,1,45.96,22.5,45.96
12.5,45.98,53.3333,45.98,16.6667,45.98,28.3333,45.98
75,46,68.3333,46,8.33333,46,25,46
66.6667,46.02,100,46.02,12.5,46.02,28.3333,46.02
66.6667,46.04,86.6667,46.04,16.6667,46.04,34.1667,46.04
45.8333,46.06,115,46.06,4.16667,46.06,30,46.06
75,46.08,110,46.08,4.16667,46.08,33.3333,46.08
112.5,46.1,116.667,46.1,16.6667,46.1,34.1667,46.1
83.3333,46.12,126.667,46.12,25,46.12,34.1667,46.12
91.6667,46.14,150,46.14,25,46.14,33.3333,46.14
108.333,46.16,156.667,46.16,37.5,46.16,41.6667,46.16
129.167,46.18,206.667,46.18,25,46.18,40.8333,46.18
158.333,46.2,240,46.2,33.3333,46.2,46.6667,46.2
154.167,46.22,266.667,46.22,33.3333,46.22,55.8333,46.22
208.333,46.24,331.667,46.24,37.5,46.24,55,46.24
333.333,46.26,503.333,46.26,54.1667,46.26,49.1667,46.26
383.333,46.28,821.667,46.28,41.6667,46.28,53.3333,46.28
720.833,46.3,1643.33,46.3,54.1667,46.3,61.6667,46.3
1658.33,46.32,3580,46.32,62.5,46.32,45,46.32
3887.5,46.34,7051.67,46.34,33.3333,46.34,62.5,46.34
8250,46.36,14281.7,46.36,70.8333,46.36,66.6667,46.36
16920.8,46.38,28041.7,46.38,50,46.38,75,46.38
34587.5,46.4,55335,46.4,50,46.4,78.3333,46.4
70587.5,46.42,116900,46.42,41.6667,46.42,75,46.42
152213,46.44,257740,46.44,87.5,46.44,98.3333,46.44
350792,46.46,690222,46.46,79.1667,46.46,85.8333,46.46
962648,46.48,1.34E+06,46.48,91.6667,46.48,92.5,46.48
1.48E+06,46.5,1.18E+06,46.5,79.1667,46.5,104.167,46.5
948643,46.52,573703,46.52,83.3333,46.52,124.167,46.52
335238,46.54,168907,46.54,120.833,46.54,140.833,46.54
88758.3,46.56,49148.3,46.56,100,46.56,135.833,46.56
33066.7,46.58,20083.3,46.58,175,46.58,160,46.58
14991.7,46.6,9503.33,46.6,150,46.6,185.833,46.6
6950,46.62,4578.33,46.62,191.667,46.62,208.333,46.62
3870.83,46.64,2355,46.64,179.167,46.64,245,46.64
2108.33,46.66,1230,46.66,229.167,46.66,305,46.66
1341.67,46.68,745,46.68,250,46.68,347.5,46.68
829.167,46.7,545,46.7,333.333,46.7,355.833,46.7
595.833,46.72,410,46.72,325,46.72,492.5,46.72
512.5,46.74,291.667,46.74,504.167,46.74,625.833,46.74
425,46.76,303.333,46.76,575,46.76,767.5,46.76
316.667,46.78,231.667,46.78,712.5,46.78,1016.67,46.78
250,46.8,216.667,46.8,1129.17,46.8,1420,46.8
291.667,46.82,180,46.82,1800,46.82,2256.67,46.82
229.167,46.84,155,46.84,2891.67,46.84,3795.83,46.84
191.667,46.86,153.333,46.86,5591.67,46.86,6963.33,46.86
162.5,46.88,135,46.88,37112.5,46.88,16073.3,46.88
175,46.9,113.333,46.9,363954,46.9,85670.8,46.9
129.167,46.92,101.667,46.92,741549,46.92,1.15E+06,46.92
125,46.94,130,46.94,236679,46.94,955821,46.94
104.167,46.96,106.667,46.96,17779.2,46.96,62948.3,46.96
100,46.98,75,46.98,5895.83,46.98,15343.3,46.98
83.3333,47,73.3333,47,3758.33,47,8082.5,47
95.8333,47.02,78.3333,47.02,2029.17,47.02,4940.83,47.02
87.5,47.04,70,47.04,1758.33,47.04,3428.33,47.04
70.8333,47.06,70,47.06,1195.83,47.06,2358.33,47.06
29.1667,47.08,56.6667,47.08,1000,47.08,1666.67,47.08
41.6667,47.1,63.3333,47.1,904.167,47.1,1276.67,47.1
66.6667,47.12,51.6667,47.12,683.333,47.12,932.5,47.12
37.5,47.14,75,47.14,595.833,47.14,715.833,47.14
41.6667,47.16,60,47.16,554.167,47.16,543.333,47.16
45.8333,47.18,41.6667,47.18,479.167,47.18,485.833,47.18
37.5,47.2,43.3333,47.2,458.333,47.2,336.667,47.2
29.1667,47.22,48.3333,47.22,483.333,47.22,318.333,47.22
33.3333,47.24,38.3333,47.24,354.167,47.24,261.667,47.24
54.1667,47.26,38.3333,47.26,316.667,47.26,195.833,47.26
25,47.28,38.3333,47.28,316.667,47.28,189.167,47.28
37.5,47.3,33.3333,47.3,275,47.3,180,47.3
33.3333,47.32,48.3333,47.32,304.167,47.32,139.167,47.32
8.33333,47.34,38.3333,47.34,270.833,47.34,130.833,47.34
25,47.36,25,47.36,366.667,47.36,124.167,47.36
58.3333,47.38,38.3333,47.38,241.667,47.38,106.667,47.38
70.8333,47.4,28.3333,47.4,275,47.4,100.833,47.4
62.5,47.42,36.6667,47.42,291.667,47.42,96.6667,47.42
62.5,47.44,31.6667,47.44,237.5,47.44,83.3333,47.44
83.3333,47.46,25,47.46,283.333,47.46,82.5,47.46
62.5,47.48,28.3333,47.48,237.5,47.48,64.1667,47.48
45.8333,47.5,30,47.5,237.5,47.5,49.1667,47.5
95.8333,47.52,40,47.52,225,47.52,55,47.52
58.3333,47.54,35,47.54,279.167,47.54,47.5,47.54
91.6667,47.56,38.3333,47.56,237.5,47.56,39.1667,47.56
129.167,47.58,46.6667,47.58,225,47.58,48.3333,47.58
145.833,47.6,31.6667,47.6,200,47.6,35,47.6
150,47.62,28.3333,47.62,316.667,47.62,38.3333,47.62
125,47.64,28.3333,47.64,229.167,47.64,35,47.64
129.167,47.66,33.3333,47.66,308.333,47.66,31.6667,47.66
162.5,47.68,36.6667,47.68,200,47.68,30.8333,47.68
120.833,47.7,13.3333,47.7,279.167,47.7,35,47.7
141.667,47.72,40,47.72,250,47.72,31.6667,47.72
154.167,47.74,23.3333,47.74,212.5,47.74,25,47.74
179.167,47.76,23.3333,47.76,237.5,47.76,26.6667,47.76
137.5,47.78,25,47.78,204.167,47.78,31.6667,47.78
158.333,47.8,16.6667,47.8,241.667,47.8,25.8333,47.8
175,47.82,10,47.82,241.667,47.82,20,47.82
158.333,47.84,15,47.84,183.333,47.84,16.6667,47.84
250,47.86,18.3333,47.86,179.167,47.86,23.3333,47.86
204.167,47.88,5,47.88,220.833,47.88,15.8333,47.88
229.167,47.9,20,47.9,237.5,47.9,19.1667,47.9
287.5,47.92,20,47.92,225,47.92,18.3333,47.92
283.333,47.94,15,47.94,200,47.94,15,47.94
287.5,47.96,8.33333,47.96,229.167,47.96,15.8333,47.96
266.667,47.98,18.3333,47.98,270.833,47.98,14.1667,47.98
275,48,13.3333,48,229.167,48,14.1667,48
341.667,48.02,18.3333,48.02,237.5,48.02,10,48.02
275,48.04,13.3333,48.04,270.833,48.04,10,48.04
304.167,48.06,11.6667,48.06,187.5,48.06,13.3333,48.06
283.333,48.08,6.66667,48.08,179.167,48.08,9.16667,48.08
250,48.1,8.33333,48.1,208.333,48.1,10.8333,48.1
354.167,48.12,8.33333,48.12,200,48.12,10,48.12
300,48.14,8.33333,48.14,225,48.14,10.8333,48.14
387.5,48.16,15,48.16,191.667,48.16,13.3333,48.16
383.333,48.18,20,48.18,195.833,48.18,10.8333,48.18
350,48.2,15,48.2,212.5,48.2,7.5,48.2
358.333,48.22,3.33333,48.22,262.5,48.22,8.33333,48.22
416.667,48.24,8.33333,48.24,204.167,48.24,13.3333,48.24
341.667,48.26,11.6667,48.26,204.167,48.26,7.5,48.26
362.5,48.28,11.6667,48.28,233.333,48.28,5.83333,48.28
395.833,48.3,6.66667,48.3,175,48.3,4.16667,48.3
358.333,48.32,16.6667,48.32,162.5,48.32,10,48.32
337.5,48.34,11.6667,48.34,183.333,48.34,9.16667,48.34
358.333,48.36,15,48.36,191.667,48.36,6.66667,48.36
404.167,48.38,8.33333,48.38,166.667,48.38,5,48.38
337.5,48.4,6.66667,48.4,162.5,48.4,7.5,48.4
379.167,48.42,11.6667,48.42,125,48.42,9.16667,48.42
341.667,48.44,6.66667,48.44,145.833,48.44,8.33333,48.44
400,48.46,13.3333,48.46,150,48.46,4.16667,48.46
375,48.48,8.33333,48.48,162.5,48.48,5.83333,48.48
350,48.5,8.33333,48.5,125,48.5,5.83333,48.5
400,48.52,13.3333,48.52,175,48.52,3.33333,48.52
437.5,48.54,15,48.54,175,48.54,5.83333,48.54
400,48.56,6.66667,48.56,150,48.56,4.16667,48.56
341.667,48.58,6.66667,48.58,133.333,48.58,5.83333,48.58
366.667,48.6,6.66667,48.6,87.5,48.6,5.83333,48.6
366.667,48.62,16.6667,48.62,133.333,48.62,6.66667,48.62
283.333,48.64,6.66667,48.64,108.333,48.64,5,48.64
362.5,48.66,13.3333,48.66,120.833,48.66,5,48.66
408.333,48.68,8.33333,48.68,125,48.68,2.5,48.68
379.167,48.7,8.33333,48.7,108.333,48.7,5.83333,48.7
275,48.72,11.6667,48.72,79.1667,48.72,6.66667,48.72
354.167,48.74,8.33333,48.74,83.3333,48.74,4.16667,48.74
316.667,48.76,5,48.76,116.667,48.76,3.33333,48.76
337.5,48.78,15,48.78,116.667,48.78,5.83333,48.78
350,48.8,10,48.8,54.1667,48.8,3.33333,48.8
316.667,48.82,5,48.82,83.3333,48.82,4.16667,48.82
345.833,48.84,11.6667,48.84,79.1667,48.84,7.5,48.84
291.667,48.86,13.3333,48.86,100,48.86,5.83333,48.86
312.5,48.88,5,48.88,87.5,48.88,6.66667,48.88
341.667,48.9,5,48.9,41.6667,48.9,6.66667,48.9
337.5,48.92,5,48.92,87.5,48.92,4.16667,48.92
308.333,48.94,11.6667,48.94,66.6667,48.94,6.66667,48.94
275,48.96,10,48.96,62.5,48.96,4.16667,48.96
216.667,48.98,6.66667,48.98,66.6667,48.98,0.833333,48.98
295.833,49,13.3333,49,54.1667,49,5.83333,49
325,49.02,5,49.02,45.8333,49.02,0.833333,49.02
258.333,49.04,13.3333,49.04,58.3333,49.04,4.16667,49.04
233.333,49.06,5,49.06,45.8333,49.06,5.83333,49.06
258.333,49.08,5,49.08,41.6667,49.08,2.5,49.08
220.833,49.1,3.33333,49.1,33.3333,49.1,5,49.1
195.833,49.12,5,49.12,37.5,49.12,3.33333,49.12
191.667,49.14,16.6667,49.14,33.3333,49.14,5,49.14
212.5,49.16,6.66667,49.16,29.1667,49.16,0.833333,49.16
166.667,49.18,6.66667,49.18,25,49.18,4.16667,49.18
187.5,49.2,5,49.2,12.5,49.2,5,49.2
187.5,49.22,3.33333,49.22,20.8333,49.22,6.66667,49.22
154.167,49.24,3.33333,49.24,25,49.24,5,49.24
129.167,49.26,5,49.26,12.5,49.26,6.66667,49.26
191.667,49.28,8.33333,49.28,25,49.28,7.5,49.28
175,49.3,5,49.3,20.8333,49.3,2.5,49.3
158.333,49.32,1,49.32,4.16667,49.32,0.833333,49.32
150,49.34,1.66667,49.34,16.6667,49.34,4.16667,49.34
133.333,49.36,6.66667,49.36,4.16667,49.36,4.16667,49.36
70.8333,49.38,6.66667,49.38,16.6667,49.38,5,49.38
108.333,49.4,1,49.4,8.33333,49.4,2.5,49.4
116.667,49.42,8.33333,49.42,4.16667,49.42,4.16667,49.42
83.3333,49.44,8.33333,49.44,4.16667,49.44,6.66667,49.44
83.3333,49.46,3.33333,49.46,16.6667,49.46,7.5,49.46
75,49.48,6.66667,49.48,8.33333,49.48,5,49.48
95.8333,49.5,6.66667,49.5,16.6667,49.5,5,49.5
95.8333,49.52,3.33333,49.52,4.16667,49.52,2.5,49.52
50,49.54,1.66667,49.54,4.16667,49.54,5,49.54
33.3333,49.56,6.66667,49.56,1,49.56,6.66667,49.56
75,49.58,3.33333,49.58,1,49.58,2.5,49.58
62.5,49.6,1.66667,49.6,1,49.6,5,49.6
25,49.62,5,49.62,4.16667,49.62,5.83333,49.62
20.8333,49.64,5,49.64,4.16667,49.64,5.83333,49.64
41.6667,49.66,1,49.66,1,49.66,2.5,49.66
37.5,49.68,1.66667,49.68,4.16667,49.68,3.33333,49.68
45.8333,49.7,1,49.7,8.33333,49.7,3.33333,49.7
29.1667,49.72,6.66667,49.72,1,49.72,5,49.72
16.6667,49.74,1.66667,49.74,4.16667,49.74,5.83333,49.74
12.5,49.76,3.33333,49.76,1,49.76,4.16667,49.76
4.16667,49.78,8.33333,49.78,4.16667,49.78,2.5,49.78
12.5,49.8,10,49.8,4.16667,49.8,4.16667,49.8
4.16667,49.82,3.33333,49.82,1,49.82,0.833333,49.82
8.33333,49.84,1.66667,49.84,1,49.84,1,49.84
4.16667,49.86,5,49.86,1,49.86,3.33333,49.86
16.6667,49.88,1,49.88,1,49.88,4.16667,49.88
12.5,49.9,1.66667,49.9,1,49.9,4.16667,49.9
4.16667,49.92,5,49.92,4.16667,49.92,3.33333,49.92
1,49.94,8.33333,49.94,1,49.94,4.16667,49.94
1,49.96,5,49.96,4.16667,49.96,1.66667,49.96
1,49.98,5,49.98,4.16667,49.98,6.66667,49.98
1,50,5,50,4.16667,50,5.83333,50
1,50.02,5,50.02,12.5,50.02,2.5,50.02
4.16667,50.04,1.66667,50.04,1,50.04,1.66667,50.04
4.16667,50.06,6.66667,50.06,4.16667,50.06,2.5,50.06
1,50.08,5,50.08,1,50.08,3.33333,50.08
8.33333,50.1,6.66667,50.1,4.16667,50.1,3.33333,50.1
4.16667,50.12,13.3333,50.12,4.16667,50.12,2.5,50.12
1,50.14,10,50.14,8.33333,50.14,1.66667,50.14
4.16667,50.16,1.66667,50.16,12.5,50.16,3.33333,50.16
1,50.18,6.66667,50.18,4.16667,50.18,3.33333,50.18
1,50.2,8.33333,50.2,4.16667,50.2,3.33333,50.2
1,50.22,3.33333,50.22,1,50.22,1.66667,50.22
1,50.24,3.33333,50.24,4.16667,50.24,3.33333,50.24
1,50.26,8.33333,50.26,4.16667,50.26,3.33333,50.26
1,50.28,6.66667,50.28,4.16667,50.28,1.66667,50.28
1,50.3,1.66667,50.3,4.16667,50.3,4.16667,50.3
1,50.32,3.33333,50.32,8.33333,50.32,3.33333,50.32
1,50.34,11.6667,50.34,4.16667,50.34,5,50.34
1,50.36,10,50.36,8.33333,50.36,0.833333,50.36
8.33333,50.38,5,50.38,4.16667,50.38,1.66667,50.38
8.33333,50.4,15,50.4,4.16667,50.4,1.66667,50.4
4.16667,50.42,10,50.42,1,50.42,2.5,50.42
8.33333,50.44,10,50.44,8.33333,50.44,1.66667,50.44
4.16667,50.46,8.33333,50.46,8.33333,50.46,0.833333,50.46
1,50.48,5,50.48,4.16667,50.48,3.33333,50.48
4.16667,50.5,10,50.5,8.33333,50.5,3.33333,50.5
4.16667,50.52,8.33333,50.52,4.16667,50.52,0.833333,50.52
4.16667,50.54,8.33333,50.54,1,50.54,1.66667,50.54
12.5,50.56,6.66667,50.56,8.33333,50.56,6.66667,50.56
1,50.58,6.66667,50.58,4.16667,50.58,4.16667,50.58
8.33333,50.6,8.33333,50.6,4.16667,50.6,4.16667,50.6
12.5,50.62,8.33333,50.62,1,50.62,0.833333,50.62
8.33333,50.64,6.66667,50.64,8.33333,50.64,3.33333,50.64
1,50.66,18.3333,50.66,4.16667,50.66,2.5,50.66
4.16667,50.68,3.33333,50.68,1,50.68,0.833333,50.68
8.33333,50.7,10,50.7,4.16667,50.7,5,50.7
12.5,50.72,5,50.72,4.16667,50.72,0.833333,50.72
16.6667,50.74,3.33333,50.74,4.16667,50.74,0.833333,50.74
4.16667,50.76,6.66667,50.76,1,50.76,2.5,50.76
12.5,50.78,3.33333,50.78,4.16667,50.78,1.66667,50.78
8.33333,50.8,5,50.8,4.16667,50.8,2.5,50.8
12.5,50.82,15,50.82,1,50.82,2.5,50.82
1,50.84,8.33333,50.84,16.6667,50.84,5.83333,50.84
1,50.86,6.66667,50.86,1,50.86,4.16667,50.86
12.5,50.88,3.33333,50.88,1,50.88,0.833333,50.88
16.6667,50.9,3.33333,50.9,1,50.9,5,50.9
8.33333,50.92,6.66667,50.92,4.16667,50.92,1,50.92
4.16667,50.94,10,50.94,1,50.94,0.833333,50.94
16.6667,50.96,3.33333,50.96,1,50.96,2.5,50.96
8.33333,50.98,1.66667,50.98,4.16667,50.98,1.66667,50.98
4.16667,51,8.33333,51,1,51,0.833333,51
1,51.02,10,51.02,8.33333,51.02,0.833333,51.02
8.33333,51.04,8.33333,51.04,4.16667,51.04,5,51.04
4.16667,51.06,5,51.06,8.33333,51.06,5,51.06
1,51.08,5,51.08,1,51.08,2.5,51.08
1,51.1,1,51.1,4.16667,51.1,2.5,51.1
4.16667,51.12,3.33333,51.12,8.33333,51.12,4.16667,51.12
4.16667,51.14,6.66667,51.14,4.16667,51.14,3.33333,51.14
4.16667,51.16,6.66667,51.16,4.16667,51.16,4.16667,51.16
8.33333,51.18,5,51.18,8.33333,51.18,4.16667,51.18
1,51.2,1.66667,51.2,1,51.2,6.66667,51.2
12.5,51.22,5,51.22,1,51.22,3.33333,51.22
4.16667,51.24,3.33333,51.24,1,51.24,2.5,51.24
1,51.26,3.33333,51.26,1,51.26,3.33333,51.26
1,51.28,6.66667,51.28,8.33333,51.28,2.5,51.28
1,51.3,1.66667,51.3,1,51.3,1.66667,51.3
4.16667,51.32,5,51.32,1,51.32,2.5,51.32
4.16667,51.34,10,51.34,1,51.34,3.33333,51.34
1,51.36,3.33333,51.36,4.16667,51.36,5,51.36
4.16667,51.38,1,51.38,1,51.38,0.833333,51.38
1,51.4,1.66667,51.4,1,51.4,7.5,51.4
1,51.42,3.33333,51.42,1,51.42,5.83333,51.42
4.16667,51.44,1.66667,51.44,1,51.44,5,51.44
4.16667,51.46,3.33333,51.46,4.16667,51.46,3.33333,51.46
1,51.48,3.33333,51.48,1,51.48,3.33333,51.48
1,51.5,3.33333,51.5,1,51.5,3.33333,51.5
1,51.52,1.66667,51.52,4.16667,51.52,2.5,51.52
4.16667,51.54,1,51.54,4.16667,51.54,3.33333,51.54
1,51.56,1.66667,51.56,1,51.56,2.5,51.56
1,51.58,1.66667,51.58,4.16667,51.58,8.33333,51.58
1,51.6,3.33333,51.6,1,51.6,2.5,51.6
1,51.62,5,51.62,4.16667,51.62,2.5,51.62
4.16667,51.64,1.66667,51.64,1,51.64,3.33333,51.64
4.16667,51.66,5,51.66,4.16667,51.66,3.33333,51.66
1,51.68,1.66667,51.68,8.33333,51.68,6.66667,51.68
1,51.7,6.66667,51.7,4.16667,51.7,4.16667,51.7
4.16667,51.72,6.66667,51.72,4.16667,51.72,6.66667,51.72
4.16667,51.74,3.33333,51.74,8.33333,51.74,5,51.74
1,51.76,1,51.76,8.33333,51.76,5,51.76
1,51.78,3.33333,51.78,4.16667,51.78,5,51.78
4.16667,51.8,3.33333,51.8,1,51.8,4.16667,51.8
1,51.82,1.66667,51.82,1,51.82,4.16667,51.82
4.16667,51.84,3.33333,51.84,1,51.84,3.33333,51.84
1,51.86,8.33333,51.86,8.33333,51.86,2.5,51.86
4.16667,51.88,3.33333,51.88,1,51.88,6.66667,51.88
4.16667,51.9,5,51.9,1,51.9,5,51.9
4.16667,51.92,1.66667,51.92,1,51.92,4.16667,51.92
1,51.94,1.66667,51.94,1,51.94,5,51.94
1,51.96,8.33333,51.96,1,51.96,6.66667,51.96
1,51.98,6.66667,51.98,1,51.98,1.66667,51.98
1,52,10,52,1,52,0.833333,52
,,5,52.02,,,1.66667,52.02
,,8.33333,52.04,,,1.66667,52.04
,,5,52.06,,,2.5,52.06
,,13.3333,52.08,,,2.5,52.08
,,3.33333,52.1,,,3.33333,52.1
,,6.66667,52.12,,,0.833333,52.12
,,10,52.14,,,4.16667,52.14
,,10,52.16,,,5.83333,52.16
,,5,52.18,,,4.16667,52.18
,,6.66667,52.2,,,2.5,52.2
,,3.33333,52.22,,,1.66667,52.22
,,13.3333,52.24,,,0.833333,52.24
,,6.66667,52.26,,,3.33333,52.26
,,6.66667,52.28,,,2.5,52.28
,,11.6667,52.3,,,0.833333,52.3
,,5,52.32,,,0.833333,52.32
,,6.66667,52.34,,,3.33333,52.34
,,8.33333,52.36,,,2.5,52.36
,,13.3333,52.38,,,3.33333,52.38
,,13.3333,52.4,,,4.16667,52.4
,,8.33333,52.42,,,4.16667,52.42
,,6.66667,52.44,,,1.66667,52.44
,,10,52.46,,,2.5,52.46
,,5,52.48,,,5,52.48
,,13.3333,52.5,,,1.66667,52.5
,,8.33333,52.52,,,2.5,52.52
,,10,52.54,,,2.5,52.54
,,15,52.56,,,2.5,52.56
,,13.3333,52.58,,,0.833333,52.58
,,21.6667,52.6,,,1.66667,52.6
,,11.6667,52.62,,,0.833333,52.62
,,10,52.64,,,1.66667,52.64
,,11.6667,52.66,,,2.5,52.66
,,11.6667,52.68,,,5,52.68
,,11.6667,52.7,,,0.833333,52.7
,,25,52.72,,,1.66667,52.72
,,11.6667,52.74,,,1,52.74
,,5,52.76,,,1,52.76
,,11.6667,52.78,,,3.33333,52.78
,,10,52.8,,,2.5,52.8
,,15,52.82,,,1.66667,52.82
,,13.3333,52.84,,,3.33333,52.84
,,5,52.86,,,1.66667,52.86
,,10,52.88,,,2.5,52.88
,,11.6667,52.9,,,1,52.9
,,11.6667,52.92,,,3.33333,52.92
,,8.33333,52.94,,,0.833333,52.94
,,6.66667,52.96,,,1.66667,52.96
,,6.66667,52.98,,,2.5,52.98
,,1.66667,53,,,2.5,53
,,6.66667,53.02,,,2.5,53.02
,,10,53.04,,,1.66667,53.04
,,5,53.06,,,3.33333,53.06
,,10,53.08,,,1.66667,53.08
,,5,53.1,,,2.5,53.1
,,11.6667,53.12,,,2.5,53.12
,,5,53.14,,,3.33333,53.14
,,6.66667,53.16,,,1.66667,53.16
,,6.66667,53.18,,,3.33333,53.18
,,6.66667,53.2,,,4.16667,53.2
,,1.66667,53.22,,,2.5,53.22
,,5,53.24,,,1.66667,53.24
,,3.33333,53.26,,,0.833333,53.26
,,6.66667,53.28,,,5,53.28
,,6.66667,53.3,,,0.833333,53.3
,,1,53.32,,,3.33333,53.32
,,3.33333,53.34,,,5,53.34
,,5,53.36,,,0.833333,53.36
,,3.33333,53.38,,,2.5,53.38
,,1.66667,53.4,,,9.16667,53.4
,,5,53.42,,,1.66667,53.42
,,3.33333,53.44,,,4.16667,53.44
,,1,53.46,,,6.66667,53.46
,,5,53.48,,,2.5,53.48
,,5,53.5,,,5,53.5
,,11.6667,53.52,,,7.5,53.52
,,3.33333,53.54,,,5,53.54
,,1.66667,53.56,,,4.16667,53.56
,,1,53.58,,,7.5,53.58
,,6.66667,53.6,,,5,53.6
,,6.66667,53.62,,,6.66667,53.62
,,1,53.64,,,2.5,53.64
,,3.33333,53.66,,,7.5,53.66
,,1.66667,53.68,,,5.83333,53.68
,,3.33333,53.7,,,9.16667,53.7
,,6.66667,53.72,,,4.16667,53.72
,,1.66667,53.74,,,9.16667,53.74
,,3.33333,53.76,,,6.66667,53.76
,,5,53.78,,,8.33333,53.78
,,3.33333,53.8,,,6.66667,53.8
,,5,53.82,,,6.66667,53.82
,,5,53.84,,,10.8333,53.84
,,5,53.86,,,6.66667,53.86
,,8.33333,53.88,,,5,53.88
,,1.66667,53.9,,,8.33333,53.9
,,13.3333,53.92,,,10,53.92
,,8.33333,53.94,,,9.16667,53.94
,,11.6667,53.96,,,11.6667,53.96
,,15,53.98,,,13.3333,53.98
,,13.3333,54,,,8.33333,54
,,8.33333,54.02,,,14.1667,54.02
,,18.3333,54.04,,,8.33333,54.04
,,5,54.06,,,13.3333,54.06
,,15,54.08,,,12.5,54.08
,,8.33333,54.1,,,11.6667,54.1
,,13.3333,54.12,,,12.5,54.12
,,25,54.14,,,8.33333,54.14
,,10,54.16,,,20.8333,54.16
,,13.3333,54.18,,,11.6667,54.18
,,23.3333,54.2,,,15,54.2
,,35,54.22,,,12.5,54.22
,,28.3333,54.24,,,18.3333,54.24
,,26.6667,54.26,,,10.8333,54.26
,,20,54.28,,,9.16667,54.28
,,28.3333,54.3,,,9.16667,54.3
,,18.3333,54.32,,,16.6667,54.32
,,33.3333,54.34,,,19.1667,54.34
,,30,54.36,,,10.8333,54.36
,,36.6667,54.38,,,19.1667,54.38
,,33.3333,54.4,,,19.1667,54.4
,,51.6667,54.42,,,15.8333,54.42
,,40,54.44,,,14.1667,54.44
,,35,54.46,,,12.5,54.46
,,33.3333,54.48,,,15,54.48
,,41.6667,54.5,,,20,54.5
,,35,54.52,,,15.8333,54.52
,,25,54.54,,,17.5,54.54
,,40,54.56,,,14.1667,54.56
,,36.6667,54.58,,,13.3333,54.58
,,38.3333,54.6,,,15.8333,54.6
,,45,54.62,,,20.8333,54.62
,,45,54.64,,,17.5,54.64
,,43.3333,54.66,,,16.6667,54.66
,,36.6667,54.68,,,15.8333,54.68
,,50,54.7,,,21.6667,54.7
,,46.6667,54.72,,,20.8333,54.72
,,58.3333,54.74,,,16.6667,54.74
,,35,54.76,,,16.6667,54.76
,,60,54.78,,,16.6667,54.78
,,48.3333,54.8,,,16.6667,54.8
,,48.3333,54.82,,,15.8333,54.82
,,66.6667,54.84,,,22.5,54.84
,,63.3333,54.86,,,16.6667,54.86
,,65,54.88,,,24.1667,54.88
,,73.3333,54.9,,,20,54.9
,,81.6667,54.92,,,20,54.92
,,70,54.94,,,15,54.94
,,48.3333,54.96,,,19.1667,54.96
,,61.6667,54.98,,,23.3333,54.98
,,70,55,,,22.5,55
,,50,55.02,,,14.1667,55.02
,,81.6667,55.04,,,15,55.04
,,76.6667,55.06,,,23.3333,55.06
,,50,55.08,,,19.1667,55.08
,,96.6667,55.1,,,20,55.1
,,51.6667,55.12,,,15.8333,55.12
,,61.6667,55.14,,,15.8333,55.14
,,88.3333,55.16,,,20,55.16
,,95,55.18,,,12.5,55.18
,,60,55.2,,,12.5,55.2
,,68.3333,55.22,,,16.6667,55.22
,,73.3333,55.24,,,14.1667,55.24
,,61.6667,55.26,,,11.6667,55.26
,,86.6667,55.28,,,10,55.28
,,70,55.3,,,19.1667,55.3
,,73.3333,55.32,,,19.1667,55.32
,,58.3333,55.34,,,16.6667,55.34
,,53.3333,55.36,,,13.3333,55.36
,,70,55.38,,,15.8333,55.38
,,65,55.4,,,18.3333,55.4
,,73.3333,55.42,,,17.5,55.42
,,56.6667,55.44,,,7.5,55.44
,,83.3333,55.46,,,13.3333,55.46
,,61.6667,55.48,,,15.8333,55.48
,,55,55.5,,,17.5,55.5
,,73.3333,55.52,,,11.6667,55.52
,,58.3333,55.54,,,15,55.54
,,75,55.56,,,16.6667,55.56
,,70,55.58,,,11.6667,55.58
,,70,55.6,,,20.8333,55.6
,,55,55.62,,,16.6667,55.62
,,61.6667,55.64,,,10,55.64
,,65,55.66,,,14.1667,55.66
,,55,55.68,,,11.6667,55.68
,,63.3333,55.7,,,13.3333,55.7
,,55,55.72,,,11.6667,55.72
,,75,55.74,,,9.16667,55.74
,,61.6667,55.76,,,10,55.76
,,53.3333,55.78,,,17.5,55.78
,,58.3333,55.8,,,12.5,55.8
,,56.6667,55.82,,,15,55.82
,,75,55.84,,,17.5,55.84
,,51.6667,55.86,,,9.16667,55.86
,,55,55.88,,,12.5,55.88
,,50,55.9,,,11.6667,55.9
,,51.6667,55.92,,,12.5,55.92
,,41.6667,55.94,,,11.6667,55.94
,,58.3333,55.96,,,8.33333,55.96
,,36.6667,55.98,,,15.8333,55.98
,,50,56,,,11.6667,56
,,43.3333,56.02,,,6.66667,56.02
,,46.6667,56.04,,,9.16667,56.04
,,41.6667,56.06,,,17.5,56.06
,,41.6667,56.08,,,8.33333,56.08
,,53.3333,56.1,,,11.6667,56.1
,,31.6667,56.12,,,10.8333,56.12
,,41.6667,56.14,,,10,56.14
,,40,56.16,,,6.66667,56.16
,,40,56.18,,,10,56.18
,,26.6667,56.2,,,9.16667,56.2
,,35,56.22,,,5.83333,56.22
,,50,56.24,,,9.16667,56.24
,,30,56.26,,,7.5,56.26
,,40,56.28,,,8.33333,56.28
,,33.3333,56.3,,,8.33333,56.3
,,25,56.32,,,6.66667,56.32
,,41.6667,56.34,,,6.66667,56.34
,,21.6667,56.36,,,5.83333,56.36
,,38.3333,56.38,,,8.33333,56.38
,,31.6667,56.4,,,5.83333,56.4
,,23.3333,56.42,,,9.16667,56.42
,,26.6667,56.44,,,4.16667,56.44
,,23.3333,56.46,,,9.16667,56.46
,,26.6667,56.48,,,6.66667,56.48
,,33.3333,56.5,,,5.83333,56.5
,,28.3333,56.52,,,4.16667,56.52
,,16.6667,56.54,,,5,56.54
,,20,56.56,,,8.33333,56.56
,,35,56.58,,,6.66667,56.58
,,18.3333,56.6,,,2.5,56.6
,,15,56.62,,,5,56.62
,,23.3333,56.64,,,5,56.64
,,21.6667,56.66,,,9.16667,56.66
,,16.6667,56.68,,,4.16667,56.68
,,25,56.7,,,2.5,56.7
,,20,56.72,,,5,56.72
,,20,56.74,,,3.33333,56.74
,,11.6667,56.76,,,1.66667,56.76
,,10,56.78,,,3.33333,56.78
,,10,56.8,,,7.5,56.8
,,11.6667,56.82,,,2.5,56.82
,,10,56.84,,,4.16667,56.84
,,16.6667,56.86,,,3.33333,56.86
,,3.33333,56.88,,,5.83333,56.88
,,11.6667,56.9,,,5,56.9
,,11.6667,56.92,,,6.66667,56.92
,,6.66667,56.94,,,1.66667,56.94
,,8.33333,56.96,,,3.33333,56.96
,,10,56.98,,,2.5,56.98
,,6.66667,57,,,0.833333,57
,,5,57.02,,,4.16667,57.02
,,5,57.04,,,3.33333,57.04
,,6.66667,57.06,,,1.66667,57.06
,,6.66667,57.08,,,2.5,57.08
,,6.66667,57.1,,,4.16667,57.1
,,10,57.12,,,1.66667,57.12
,,6.66667,57.14,,,1.66667,57.14
,,5,57.16,,,1.66667,57.16
,,5,57.18,,,0.833333,57.18
,,10,57.2,,,5,57.2
,,8.33333,57.22,,,1.66667,57.22
,,5,57.24,,,2.5,57.24
,,1.66667,57.26,,,0.833333,57.26
,,6.66667,57.28,,,1.66667,57.28
,,10,57.3,,,0.833333,57.3
,,1.66667,57.32,,,3.33333,57.32
,,1.66667,57.34,,,5,57.34
,,1.66667,57.36,,,4.16667,57.36
,,1.66667,57.38,,,2.5,57.38
,,5,57.4,,,1.66667,57.4
,,1.66667,57.42,,,1,57.42
,,5,57.44,,,0.833333,57.44
,,1.66667,57.46,,,3.33333,57.46
,,1,57.48,,,1.66667,57.48
,,1.66667,57.5,,,0.833333,57.5
,,1.66667,57.52,,,1,57.52
,,3.33333,57.54,,,0.833333,57.54
,,1,57.56,,,3.33333,57.56
,,1.66667,57.58,,,1.66667,57.58
,,1.66667,57.6,,,1.66667,57.6
,,1,57.62,,,3.33333,57.62
,,6.66667,57.64,,,0.833333,57.64
,,1,57.66,,,1,57.66
,,3.33333,57.68,,,1,57.68
,,1,57.7,,,2.5,57.7
,,1,57.72,,,0.833333,57.72
,,1,57.74,,,1.66667,57.74
,,1.66667,57.76,,,0.833333,57.76
,,3.33333,57.78,,,0.833333,57.78
,,1,57.8,,,1,57.8
,,1,57.82,,,1,57.82
,,1,57.84,,,1,57.84
,,1,57.86,,,1,57.86
,,1,57.88,,,1.66667,57.88
,,3.33333,57.9,,,0.833333,57.9
,,1.66667,57.92,,,3.33333,57.92
,,1.66667,57.94,,,0.833333,57.94
,,1.66667,57.96,,,1.66667,57.96
,,3.33333,57.98,,,1,57.98
,,1.66667,58,,,1,58
,,3.33333,58.02,,,0.833333,58.02
,,1,58.04,,,3.33333,58.04
,,1,58.06,,,1,58.06
,,1.66667,58.08,,,0.833333,58.08
,,1,58.1,,,1.66667,58.1
,,1.66667,58.12,,,2.5,58.12
,,1,58.14,,,0.833333,58.14
,,1,58.16,,,0.833333,58.16
,,3.33333,58.18,,,0.833333,58.18
,,1,58.2,,,2.5,58.2
,,1.66667,58.22,,,0.833333,58.22
,,1.66667,58.24,,,1.66667,58.24
,,1.66667,58.26,,,2.5,58.26
,,1,58.28,,,1.66667,58.28
,,1.66667,58.3,,,1.66667,58.3
,,1,58.32,,,1,58.32
,,1.66667,58.34,,,1,58.34
,,3.33333,58.36,,,1.66667,58.36
,,1,58.38,,,1.66667,58.38
,,1.66667,58.4,,,0.833333,58.4
,,1.66667,58.42,,,1.66667,58.42
,,1,58.44,,,1,58.44
,,1.66667,58.46,,,2.5,58.46
,,3.33333,58.48,,,0.833333,58.48
,,1.66667,58.5,,,0.833333,58.5
,,3.33333,58.52,,,0.833333,58.52
,,1.66667,58.54,,,1,58.54
,,3.33333,58.56,,,1,58.56
,,1,58.58,,,0.833333,58.58
,,1,58.6,,,2.5,58.6
,,1.66667,58.62,,,1.66667,58.62
,,3.33333,58.64,,,1.66667,58.64
,,1,58.66,,,1,58.66
,,1,58.68,,,0.833333,58.68
,,1.66667,58.7,,,1.66667,58.7
,,1.66667,58.72,,,1.66667,58.72
,,1.66667,58.74,,,1.66667,58.74
,,1,58.76,,,1.66667,58.76
,,1,58.78,,,1,58.78
,,5,58.8,,,1.66667,58.8
,,1.66667,58.82,,,1.66667,58.82
,,1,58.84,,,0.833333,58.84
,,1,58.86,,,0.833333,58.86
,,1.66667,58.88,,,1,58.88
,,3.33333,58.9,,,1.66667,58.9
,,1,58.92,,,0.833333,58.92
,,5,58.94,,,1,58.94
,,3.33333,58.96,,,0.833333,58.96
,,3.33333,58.98,,,1.66667,58.98
,,1,59,,,2.5,59
,,1,59.02,,,0.833333,59.02
,,1.66667,59.04,,,1,59.04
,,1.66667,59.06,,,1,59.06
,,3.33333,59.08,,,0.833333,59.08
,,1.66667,59.1,,,1.66667,59.1
,,1,59.12,,,1.66667,59.12
,,1.66667,59.14,,,0.833333,59.14
,,1.66667,59.16,,,1.66667,59.16
,,1,59.18,,,0.833333,59.18
,,1.66667,59.2,,,1,59.2
,,1.66667,59.22,,,0.833333,59.22
,,1,59.24,,,0.833333,59.24
,,1,59.26,,,0.833333,59.26
,,1,59.28,,,0.833333,59.28
,,1,59.3,,,1,59.3
,,1.66667,59.32,,,0.833333,59.32
,,3.33333,59.34,,,1,59.34
,,1,59.36,,,1.66667,59.36
,,1,59.38,,,1.66667,59.38
,,1,59.4,,,3.33333,59.4
,,1.66667,59.42,,,0.833333,59.42
,,1,59.44,,,3.33333,59.44
,,1.66667,59.46,,,1.66667,59.46
,,1.66667,59.48,,,0.833333,59.48
,,3.33333,59.5,,,0.833333,59.5
,,1,59.52,,,1,59.52
,,1,59.54,,,1,59.54
,,3.33333,59.56,,,1.66667,59.56
,,1.66667,59.58,,,0.833333,59.58
,,3.33333,59.6,,,2.5,59.6
,,1,59.62,,,1,59.62
,,1,59.64,,,0.833333,59.64
,,1.66667,59.66,,,0.833333,59.66
,,5,59.68,,,1.66667,59.68
,,1.66667,59.7,,,0.833333,59.7
,,3.33333,59.72,,,0.833333,59.72
,,1,59.74,,,0.833333,59.74
,,1,59.76,,,1,59.76
,,1,59.78,,,1,59.78
,,1.66667,59.8,,,0.833333,59.8
,,1.66667,59.82,,,2.5,59.82
,,1,59.84,,,2.5,59.84
,,1.66667,59.86,,,1.66667,59.86
,,1.66667,59.88,,,1,59.88
,,1.66667,59.9,,,0.833333,59.9
,,5,59.92,,,0.833333,59.92
,,1,59.94,,,1,59.94
,,1,59.96,,,0.833333,59.96
,,1.66667,59.98,,,0.833333,59.98
,,3.33333,60,,,1,60
